{
  "posts": [
    {
      "id": 1,
      "title": "json-server",
      "author": "typicode"
    }
  ],

  "comments": [
    {
      "id": 1,
      "body": "some comment",
      "postId": 1
    }
  ],
  "profile": {
    "name": "typicode"
  },
  "vines":[
    {
        "id":1,
        "name":"Man Family Wines, Merlot, Jan Fiskaal",
        "img_url":"https://d3lhatfimi1ec.cloudfront.net/1E62B4AA-5FF5-4E1E-9CF2-21F6F144B9E4/Products/Medium/e37611f7-dbcf-4df2-bec4-73776cde55a6.jpg?V=30062023115659",
        "category":"Red Wine",
        "country":"South Africa",
        "off" : 30,
        "price":1995
    },
    {
        "id":2,
        "name":"Bodegas Maurodos, Prima 2019 best wine",
        "img_url":"https://d3lhatfimi1ec.cloudfront.net/1E62B4AA-5FF5-4E1E-9CF2-21F6F144B9E4/Products/Medium/SAN-ROMAN-BODEGAS-PRIMA-1-2019.jpg?V=30062023115659",
        "category":"Red Wine",
        "country":"Spain",
        "off" : 55,
        "price":4995
    },
    {
        "id":3,
        "name":"Tenuta Sant Antonio, Scaia Corvina Red ",
        "img_url":"https://d3lhatfimi1ec.cloudfront.net/1E62B4AA-5FF5-4E1E-9CF2-21F6F144B9E4/Products/Medium/ac16c98c-b12b-4652-a765-60ebbf7b91e9.jpg?V=30062023115659",
        "category":"Red Wine",
        "country":"Italy",
        "off" : 75,
        "price":3195
    },
    {
        "id":4,
        "name":"Robertson Winery, Pinotage 2022 vbg",
        "img_url":"https://d3lhatfimi1ec.cloudfront.net/1E62B4AA-5FF5-4E1E-9CF2-21F6F144B9E4/Products/Medium/RW-Pinotage.jpg?V=30062023115659",
        "category":"Red Wine",
        "country":"South Africa",
        "off" : 30,
        "price":1595
    },
    {
        "id":5,
        "name":"Man Family Wines, Pinotage, Bosstok",
        "img_url":"https://d3lhatfimi1ec.cloudfront.net/1E62B4AA-5FF5-4E1E-9CF2-21F6F144B9E4/Products/Medium/Man%20Bosstok%20Pinotage_NV_large.jpg?V=30062023115659",
        "category":"Red Wine",
        "country":"South Africa",
        "off" : 55,
        "price": 1995
    },
    {
        "id":6,
        "name":"Man Family Wines, Pinotage, Bosstok 2021",
        "img_url":"https://d3lhatfimi1ec.cloudfront.net/1E62B4AA-5FF5-4E1E-9CF2-21F6F144B9E4/Products/Medium/Man%20Bosstok%20Pinotage_NV_large.jpg?V=30062023115659",
        "category":"Red Wine",
        "country":"South Africa",
        "off" : 75,
        "price":1995
    },
    {
        "id":7,
        "name":"The Chocolate Block 2021 best wine dj hgh",
        "img_url":"https://d3lhatfimi1ec.cloudfront.net/1E62B4AA-5FF5-4E1E-9CF2-21F6F144B9E4/Products/Medium/1908-19-The-Chocolate-Block-2020.jpg?V=30062023115659",
        "category":"Red Wine",
        "country":"South Africa",
        "off" : 30,
        "price":6995
    },
    {
        "id":8,
        "name":"Boekenhoutskloof, The Wolftrap Red 2021",
        "img_url":"https://d3lhatfimi1ec.cloudfront.net/1E62B4AA-5FF5-4E1E-9CF2-21F6F144B9E4/Products/Medium/88c93201-e4e0-48c1-91eb-e8e36df3e075.jpg?V=30062023115659",
        "category":"Red Wine",
        "country":"South Africa",
        "off" : 55,
        "price":2395
    },
    {
        "id":9,
        "name":"Saint Cosme, Little James' Basket Press ",
        "img_url":"https://d3lhatfimi1ec.cloudfront.net/1E62B4AA-5FF5-4E1E-9CF2-21F6F144B9E4/Products/Medium/5222_1.jpg?V=30062023115659",
        "category":"Red Wine",
        "country":"France",
        "off" : 75,
        "price":2795
    },
    {
        "id":10,
        "name":"Saint Cosme, Cote Du Rhone 2021  best wine",
        "img_url":"https://d3lhatfimi1ec.cloudfront.net/1E62B4AA-5FF5-4E1E-9CF2-21F6F144B9E4/Products/Medium/1-AOP-Cotes-du-Rhone-Saint-Cosme-Red-2021-1.jpg?V=30062023115659",
        "category":"Red Wine",
        "country":"France",
        "off" : 30,
        "price":3295
    },
    {
        "id":11,
        "name":"Robertson Winery, Natural Sweet Red ",
        "img_url":"https://d3lhatfimi1ec.cloudfront.net/1E62B4AA-5FF5-4E1E-9CF2-21F6F144B9E4/Products/Medium/RW-Sweet-Red.jpg?V=30062023115659",
        "category":"Red Wine",
        "country":"South Africa",
        "price": 1595
    },
    {
        "id":12,
        "name":"Brancaia, TRE 2020 best wine dj best wine dj",
        "img_url":"https://d3lhatfimi1ec.cloudfront.net/1E62B4AA-5FF5-4E1E-9CF2-21F6F144B9E4/Products/Medium/Brancaia-TRE-2020.jpg?V=30062023115659",
        "category":"Red Wine",
        "country":"Italy",
        "off" : 55,
        "price":4195
    },
    {
        "id":13,
        "name":"Saint Clair, Pinot Noir 2020 best wine djbest w",
        "img_url":"https://d3lhatfimi1ec.cloudfront.net/1E62B4AA-5FF5-4E1E-9CF2-21F6F144B9E4/Products/Medium/e7c59d7d-45a7-4f3d-8ea1-032949cdba0e.jpg?V=30062023115659",
        "category":"Red Wine",
        "country":"New Zealand",
        "off" : 75,
        "price":4195
    },
    {
        "id":14,
        "name":"Saint Clair, Pinot Noir 2022 best wine dj hgh",
        "img_url":"https://d3lhatfimi1ec.cloudfront.net/1E62B4AA-5FF5-4E1E-9CF2-21F6F144B9E4/Products/Medium/fe25d2ad-f7ac-4665-a596-faab508c4ea0.jpg?V=30062023115659",
        "category":"Red Wine",
        "country":"New Zealand",
        "off" : 30,
        "price": 4195
    },
    {
        "id":15,
        "name":"Robertson Winery, Pinotage 2021 bes",
        "img_url":"https://d3lhatfimi1ec.cloudfront.net/1E62B4AA-5FF5-4E1E-9CF2-21F6F144B9E4/Products/Medium/RW-Pinotage.jpg?V=30062023115659",
        "category":"Red Wine",
        "country":"South Africa",
        "off" : 55,
        "price":1595
    },
    {
        "id":16,
        "name":"Tenuta Sant Antonio, Scaia Rosato 20 ",
        "img_url":"https://d3lhatfimi1ec.cloudfront.net/1E62B4AA-5FF5-4E1E-9CF2-21F6F144B9E4/Products/Medium/dca7adc4-f825-430c-889f-e0a3e293ceab.jpg?V=30062023115659",
        "category":"Rose Wine",
        "country":"Italy",
        "off" : 75,
        "price":3195
    },
    {
        "id":17,
        "name":"Bisol, Jeio Prosecco Brut Rosé 2 ",
        "img_url":"https://d3lhatfimi1ec.cloudfront.net/1E62B4AA-5FF5-4E1E-9CF2-21F6F144B9E4/Products/Medium/f03269b3-6e0b-4b74-8565-27374d7ea32d.jpg?V=30062023115659",
        "category":"Rose Wine",
        "country":"Italy",
        "off" : 30,
        "price":3295
    },
    {
        "id":18,
        "name":"Boekenhoutskloof, The Wolftrap R ",
        "img_url":"https://d3lhatfimi1ec.cloudfront.net/1E62B4AA-5FF5-4E1E-9CF2-21F6F144B9E4/Products/Medium/The-Wolftrap-Rose-2020.jpg?V=30062023115659",
        "category":"Rose Wine",
        "country":"South Africa",
        "off" : 55,
        "price":2395
    },
    {
        "id":19,
        "name":"AIX Provence Rose 2021 best wine dj jhh hhg hg",
        "img_url":"https://d3lhatfimi1ec.cloudfront.net/1E62B4AA-5FF5-4E1E-9CF2-21F6F144B9E4/Products/Medium/1-Aix-Provence-Rose-2021.jpg?V=30062023115659",
        "category":"Rose Wine",
        "country":"France",
        "off" : 75,
        "price":4195
    },
    {
        "id":20,
        "name":"Brancaia, Rose 2021 sgf gfhvc je best wine dj",
        "img_url":"https://d3lhatfimi1ec.cloudfront.net/1E62B4AA-5FF5-4E1E-9CF2-21F6F144B9E4/Products/Medium/1-Brancaia-Rose-2021.jpg?V=30062023115659",
        "category":"Rose Wine",
        "country":"Italy",
        "off" : 30,
        "price":3995
    },
    {
        "id":21,
        "name":"Matias Riccitelli, Hey Rosé 2021 best wine dj",
        "img_url":"https://d3lhatfimi1ec.cloudfront.net/1E62B4AA-5FF5-4E1E-9CF2-21F6F144B9E4/Products/Medium/MR-Rose.jpg?V=30062023115659",
        "category":"Rose Wine",
        "country":"Argentina",
        "off" : 55,
        "price":2995
    },
    {
        "id":22,
        "name":"Chandon Brut Rosé NV best wine dj bvj jbj",
        "img_url":"https://d3lhatfimi1ec.cloudfront.net/1E62B4AA-5FF5-4E1E-9CF2-21F6F144B9E4/Products/Medium/C%20Rose.jpg?V=30062023115659",
        "category":"Rose Wine",
        "country":"India",
        "off" : 75,
        "price":2500
    },
    {
        "id":23,
        "name":"Vinologist, Rosé 2019 best wine dj best wi",
        "img_url":"https://d3lhatfimi1ec.cloudfront.net/1E62B4AA-5FF5-4E1E-9CF2-21F6F144B9E4/Products/Medium/Vinologist-Rose-2019-(With-Reflection).jpg?V=30062023115659",
        "category":"Rose Wine",
        "country":"South Africa",
        "off" : 30,
        "price":2595
    },
    {
        "id":24,
        "name":"Bai Gorri, Rosado 2017 best wine dj best w",
        "img_url":"https://d3lhatfimi1ec.cloudfront.net/1E62B4AA-5FF5-4E1E-9CF2-21F6F144B9E4/Products/Medium/6_Baigorri_ROSADO.jpg?V=30062023115659",
        "category":"Rose Wine",
        "country":"Spain",
        "off" : 55,
        "price":3680
    },
    {
        "id":25,
        "name":"Champagne Billecart-Salmon, Brut Rosé NV",
        "img_url":"https://d3lhatfimi1ec.cloudfront.net/1E62B4AA-5FF5-4E1E-9CF2-21F6F144B9E4/Products/Medium/5122_1.jpg?V=30062023115659",
        "category":"Rose Wine",
        "country":"France",
        "off" : 75,
        "price": 17399
    },
    {
        "id":26,
        "name":"Le Grand Noir, Rosé 2022  Brut Rosé NV",
        "img_url":"https://d3lhatfimi1ec.cloudfront.net/1E62B4AA-5FF5-4E1E-9CF2-21F6F144B9E4/Products/Medium/c93aba37-2c8c-4f5a-beff-e64484476573.jpg?V=30062023115659",
        "category":"Rose Wine",
        "country":"France",
        "off" : 30,
        "price":1750
    },
    {
        "id":27,
        "name":"Fratelli, MS Rosé 2022 Brut Rosé NV hgh",
        "img_url":"https://d3lhatfimi1ec.cloudfront.net/1E62B4AA-5FF5-4E1E-9CF2-21F6F144B9E4/Products/Medium/6731a065-1341-430b-bda2-dabebd51318c.jpg?V=30062023115659",
        "category":"Rose Wine",
        "country":"India",
        "off" : 55,
        "price":1250
    },
    {
        "id":28,
        "name":"Fratelli, Noi Rose NV hsdjkfh jdfdj",
        "img_url":"https://d3lhatfimi1ec.cloudfront.net/1E62B4AA-5FF5-4E1E-9CF2-21F6F144B9E4/Products/Medium/Fratelli-Noi-Rose.jpg?V=30062023115659",
        "category":"Rose Wine",
        "country":"India",
        "off" : 75,
        "price":980
    },
    {
        "id":29,
        "name":"Sula, Rosé Zinfandel 2022  Brut Rosé NV hgh",
        "img_url":"https://d3lhatfimi1ec.cloudfront.net/1E62B4AA-5FF5-4E1E-9CF2-21F6F144B9E4/Products/Medium/e7c04142-4680-4337-b4df-7e29c1b28016.jpg?V=30062023115659",
        "category":"Rose Wine",
        "country":"India",
        "off" : 30,
        "price":775
    },
    {
        "id":30,
        "name":"The Source by Sula, Grenache Rosé 2022",
        "img_url":"https://d3lhatfimi1ec.cloudfront.net/1E62B4AA-5FF5-4E1E-9CF2-21F6F144B9E4/Products/Medium/e7a94cb5-ec48-4c46-86d9-1983daf0ffeb.jpg?V=30062023115659",
        "category":"Rose Wine",
        "country":"India",
        "off" : 55,
        "price":1150
    },
    {
        "id":31,
        "name":"Tenuta Sant Antonio, Scaia White 2021  h",
        "img_url":"https://d3lhatfimi1ec.cloudfront.net/1E62B4AA-5FF5-4E1E-9CF2-21F6F144B9E4/Products/Medium/1-Tenuta-Sant-Antonio-scaia-garganega-chardonnay-trevenezie.jpg?V=30062023115659",
        "category":"White Wine",
        "country":"Italy",
        "off" : 75,
        "price": 3195
    },
    {
        "id":32,
        "name":"Robertson Winery, Natural S",
        "img_url":"https://d3lhatfimi1ec.cloudfront.net/1E62B4AA-5FF5-4E1E-9CF2-21F6F144B9E4/Products/Medium/RW-Sweet-White.jpg?V=30062023115659",
        "category":"White Wine",
        "country":"South Africa",
        "off" : 30,
        "price":1595
    },
    {
        "id":33,
        "name":"St. Urbans-Hof, QBA, Riesling Old Vines 2",
        "img_url":"https://d3lhatfimi1ec.cloudfront.net/1E62B4AA-5FF5-4E1E-9CF2-21F6F144B9E4/Products/Medium/sturbanshof_Riesling-qba_old-vines_1.jpg?V=30062023115659",
        "category":"White Wine",
        "country":"Germany",
        "off" : 55,
        "price": 3795
    },
    {
        "id":34,
        "name":"Brancaia, IL Bianco 2021  Brut Rosé NV hgh",
        "img_url":"https://d3lhatfimi1ec.cloudfront.net/1E62B4AA-5FF5-4E1E-9CF2-21F6F144B9E4/Products/Medium/1-Brancaia-bianco-2021.jpg?V=30062023115659",
        "category":"White Wine",
        "country":"Italy",
        "off" : 75,
        "price":3995
    },
    {
        "id":35,
        "name":"Saint Clair, Sauvignon Blanc 2022  Brut Ros",
        "img_url":"https://d3lhatfimi1ec.cloudfront.net/1E62B4AA-5FF5-4E1E-9CF2-21F6F144B9E4/Products/Medium/ce4385a7-f6db-4bea-b0b4-dd915f5aba91.jpg?V=30062023115659",
        "category":"White Wine",
        "country":"New Zealand",
        "off" : 30,
        "price": 3995
    },
    {
        "id":36,
        "name":"Bibi Graetz, Casamatta Bianco 2020  Brut Ro",
        "img_url":"https://d3lhatfimi1ec.cloudfront.net/1E62B4AA-5FF5-4E1E-9CF2-21F6F144B9E4/Products/Medium/1-BIBI-GRAETZ-CASAMATTA-BIANCO-IGT-2020-BIO.jpg?V=30062023115659",
        "category":"White Wine",
        "country":"Italy",
        "off" : 55,
        "price":2995
    },
    {
        "id":36,
        "name":"Man Family, Sauvignon Blanc, Warrelwind 2",
        "img_url":"https://d3lhatfimi1ec.cloudfront.net/1E62B4AA-5FF5-4E1E-9CF2-21F6F144B9E4/Products/Medium/1a262514-a403-40f9-b948-f0dee1d3ba80.jpg?V=30062023115659",
        "category":"White Wine",
        "country":"South Africa",
        "off" : 75,
        "price":1995
    },
    {
        "id":38,
        "name":"Man Family, Sauvignon Blanc, Warrelwind ",
        "img_url":"https://d3lhatfimi1ec.cloudfront.net/1E62B4AA-5FF5-4E1E-9CF2-21F6F144B9E4/Products/Medium/1-Man-Family-Sauvignon-Blanc-Warrelwind.jpg?V=30062023115659",
        "category":"White Wine",
        "country":"South Africa",
        "off" : 30,
        "price":1995
    },
    {
        "id":39,
        "name":"Robertson Winery, Sauvignon Blanc 2022",
        "img_url":"https://d3lhatfimi1ec.cloudfront.net/1E62B4AA-5FF5-4E1E-9CF2-21F6F144B9E4/Products/Medium/RW-Sau-Blanc.jpg?V=30062023115659",
        "category":"White Wine",
        "country":"South Africa",
        "off" : 75,
        "price":1595
    },
    {
        "id":40,
        "name":"Dog Point, Section 94, Sauvignon Blanc 2020",
        "img_url":"https://d3lhatfimi1ec.cloudfront.net/1E62B4AA-5FF5-4E1E-9CF2-21F6F144B9E4/Products/Medium/Dog-Point-Section-94.jpg?V=30062023115659",
        "category":"White Wine",
        "country":"New Zealand",
        "off" : 75,
        "price":6395
    },
    {
        "id":41,
        "name":"Vincent Girardin, Bourgogne Blanc 2018",
        "img_url":"https://d3lhatfimi1ec.cloudfront.net/1E62B4AA-5FF5-4E1E-9CF2-21F6F144B9E4/Products/Medium/Vincent-Girardin-Bourgogne-Blanc-1-2018.jpg?V=30062023115659",
        "category":"White Wine",
        "country":"France",
        "off" : 75,
        "price":5395
    },
    {
        "id":42,
        "name":"Colterenzio, Lumo Pinot Grigio 2021",
        "img_url":"https://d3lhatfimi1ec.cloudfront.net/1E62B4AA-5FF5-4E1E-9CF2-21F6F144B9E4/Products/Medium/b9f2134a-ab09-48fa-bc82-48f30f2fda0f.jpg?V=30062023115659",
        "category":"White Wine",
        "country":"Italy",
        "off" : 75,
        "price":2995
    },
    {
        "id":43,
        "name":"Kesselstatt, RK Riesling 2021  Brut ",
        "img_url":"https://d3lhatfimi1ec.cloudfront.net/1E62B4AA-5FF5-4E1E-9CF2-21F6F144B9E4/Products/Medium/Kesselstatt-RK-Riesling-2021.jpg?V=30062023115659",
        "category":"White Wine",
        "country":"Germany",
        "off" : 75,
        "price":3695
    },
    {
        "id":44,
        "name":"Kara Tara, Chardonnay 2020  Brut Ro",
        "img_url":"https://d3lhatfimi1ec.cloudfront.net/1E62B4AA-5FF5-4E1E-9CF2-21F6F144B9E4/Products/Medium/Kara-Tara-Chardonnay-Bottleshot_NV_large.jpg?V=30062023115659",
        "category":"White Wine",
        "country":"South Africa",
        "off" : 75,
        "price":3295
    },
    {
        "id":45,
        "name":"Kesselstatt, Piesport Goldtropfchen,",
        "img_url":"https://d3lhatfimi1ec.cloudfront.net/1E62B4AA-5FF5-4E1E-9CF2-21F6F144B9E4/Products/Medium/Kesselstatt-Piesport-Goldtropfchen-2020.jpg?V=30062023115659",
        "category":"White Wine",
        "country":"Germany",
        "off" : 75,
        "price":4950
    }
]

  


}